S. No.,Thickness_mm,Bar_Diameter_mm,Bar_Spacing_mm,fck_cube_MPa,fy_MPa,Peak_Force_N,Peak_Displacement_mm,Total_Area_mm2
1,100,5,35,40,400,1360172.375,4.563,4105991.353
2,100,5,70,45,430,1409847.625,5.632,5592686.407
3,70,5,45,55,290,780263.062,6.804,3603401.743
4,50,2,30,25,405,199751.344,6.879,962756.87
5,90,6,70,55,520,1371476.375,6.925,6702910.984
6,50,3,70,25,535,197681.094,6.941,955979.64
7,60,3,55,40,540,413812.938,6.428,1765346.964
8,80,3,70,25,525,585816.688,5.585,2318708.454
9,90,6,25,35,405,1049570,4.828,3416014.69
10,90,5,30,25,480,826622.062,4.511,2562561.909
11,80,5,50,50,285,975427.188,7.601,5472701.344
12,50,3,25,30,335,244870.281,6.979,1166521.189
13,60,2,70,30,265,315390.125,5.558,1170451.932
14,70,6,25,60,250,891886.125,6.245,3671621.435
15,60,5,70,30,430,360966.938,7.72,2042694.573
16,60,4,35,25,275,342960.75,5.943,1379724.189
17,80,4,55,55,435,1030721.562,7.319,5347547.746
18,80,6,50,25,535,677621.375,7.997,4211487.91
19,70,2,40,25,490,423969.938,7.059,2280705.942
20,60,4,35,25,275,342960.75,5.943,1379724.189
21,100,5,70,25,420,927232.625,3.758,2278757.392
22,100,6,55,45,490,1479630.125,6.038,6429360.193
23,90,5,60,30,375,873794.688,5.045,3038081.021
24,60,3,40,25,335,317947.531,6.11,1337065.854
25,60,4,55,50,530,501305.438,7.538,2574511.552
26,90,4,75,35,475,853069.125,5.483,3314716.51
27,50,3,55,40,255,254419.891,7.554,1350583.4
28,80,6,60,40,250,833596.75,6.253,3707617.551
29,90,4,40,25,385,789394.875,4.33,2258295.795
30,60,4,25,25,315,374243.844,6.19,1560224.806
31,60,3,75,60,485,514995.5,8.662,3229735.25
32,80,3,50,45,290,865356.625,6.969,4374194.925
33,50,5,25,30,550,306520,9.795,2167720.486
34,100,5,65,45,380,1420546.5,5.213,5040365.097
35,80,4,55,40,320,806537.188,6.442,3739998.603
36,100,4,40,50,505,1546596.625,5.544,5904101.163
37,70,5,40,55,505,800389.188,8.723,5151609.319
38,80,3,30,40,370,822544.188,5.412,2972641.023
39,90,4,55,50,405,1242260.5,6.46,5653161.014
40,60,4,75,30,310,340618.125,5.916,1357797.08
41,70,4,45,40,400,623790.125,6.728,2946044.461
42,90,3,45,40,325,1017572.188,5.591,3987244.799
43,70,5,50,40,455,641145.938,6.204,2666114.069
44,70,4,30,55,470,808061.875,6.477,3427894.98
45,60,2,75,25,290,290093.781,5.661,1113300.437
46,50,5,35,35,465,285992.75,10.21,2189116.189
47,60,5,40,35,540,413920.594,12.616,4286205.033
48,50,4,35,60,415,361207.719,6.78,1460945.229
49,50,6,35,35,415,304612.969,9.708,2146403.03
50,90,4,40,25,390,772686.062,4.478,2361727.688
51,100,5,65,50,520,1541282,5.876,6190409.644
52,80,2,25,30,520,653179.812,6.592,3212932.877
53,80,5,75,30,465,667325.75,5.702,2679919.375
54,50,3,50,60,500,327423.781,6.657,1361791.078
55,70,4,70,45,260,630071.25,6.739,2816229.014
56,70,5,40,40,535,643361.812,9.152,4555131.437
57,100,3,50,35,295,1010002.812,4.047,2626890.214
58,80,3,45,35,425,631595.125,9.974,5363960.372
59,90,4,50,55,515,1295929.875,7.937,7738602.499
60,70,2,30,35,270,470213.719,7.788,2868238.603
61,100,6,50,25,325,939446.125,3.827,2436539.545
62,70,5,25,25,365,555772.062,6.724,2685202.649
63,100,3,30,60,495,1688962,5.871,6902666.987
64,80,3,45,25,515,608416.188,5.263,2202915.675
65,80,3,25,50,435,981394.875,7.188,5112134.677
66,100,4,60,30,285,1035590.812,5.329,4055244.982
67,80,5,35,55,360,1084127,7.399,5794166.567
68,90,3,25,50,305,1243683.75,6.352,5597542.947
69,80,4,30,35,430,750638.625,6,3197616.931
70,50,4,65,40,275,262389.5,7.528,1370245.871
71,90,3,25,40,260,1040987.438,5.743,4268055.973
72,70,4,55,40,470,616818.062,6.695,2872571.34
73,50,2,65,45,470,263003.25,7.516,1373620.581
74,60,3,30,25,525,344290.312,6.326,1478642.65
75,80,4,40,35,455,713716.5,6.667,3539958.549
76,70,3,25,50,315,715977.875,7.019,3532751.899
77,70,6,70,45,330,679452.062,6.293,2856630.959
78,70,4,45,50,325,714841.688,7.036,3508640.483
79,100,6,65,40,365,1328643.625,5.287,4897666.58
80,90,4,40,40,375,1059860.25,5.689,4236427.089
81,50,5,55,50,310,318710.281,7.572,1622197.243
82,90,2,45,50,280,1200095,6.455,5428565.615
83,60,3,75,30,355,329168.469,5.869,1305941.133
84,50,4,35,45,290,306419.094,7.081,1437850.148
85,100,3,70,60,375,1667719.125,5.905,6710033.133
86,90,3,45,50,310,1216868.5,6.244,5295779.8
87,90,2,50,60,505,1326034.25,6.748,6279905.278
88,100,3,50,40,355,1255188,4.606,3826025.407
89,100,5,75,60,365,1686096.25,5.914,6889099.311
90,90,5,35,60,375,1430520.5,6.16,6084068.639
91,50,3,75,50,500,291078.125,7.012,1340894.594
92,90,5,30,35,450,988348.312,5.254,3600064.013
93,70,4,70,25,490,450004.562,6.453,2100186.903
94,90,2,45,25,255,726582.375,5.966,3262570.987
95,100,5,55,30,505,1079389,4.473,3291984.805
96,60,4,40,30,435,372177.969,7.754,2120353.871
97,60,5,70,30,390,359378.375,7.706,2035689.96
98,70,6,35,50,310,798096.938,7.428,4193586.007
99,50,4,25,35,545,296217.625,10.854,2424969.108
100,90,6,60,55,440,1370238.625,6.794,6573488.316
101,90,2,55,30,420,803373.938,5.747,3369824.338
102,90,2,65,30,425,800839.562,5.544,3227017.189
103,70,6,45,45,550,729857.438,6.703,2938607.736
104,60,3,35,30,285,350681.531,5.662,1313947.18
105,80,5,75,45,365,888133.938,6.614,4159297.892
106,80,4,75,60,460,1014791.688,6.218,3821178.07
107,90,4,60,50,410,1197434.5,7.771,6863141.865
108,100,5,50,55,340,1639533.25,6.221,7100463.852
109,90,3,45,55,350,1288515.875,6.021,5271148.509
110,100,3,55,35,445,1022448,5.069,3746073.6
111,80,3,40,30,300,591271.688,11.414,5638013.901
112,90,5,60,30,330,859634.062,4.707,2723639.368
113,50,3,65,55,335,306869.562,7.262,1468949.811
114,90,4,50,45,445,1132268.875,6.793,4697284.659
115,50,5,35,45,350,331555.781,9.045,2151744.99
116,100,2,30,35,275,1005548,4.982,3639497.446
117,100,5,45,60,395,1718529.625,5.626,6617123.223
118,80,4,25,55,265,1031461.125,9.206,7286140.413
119,70,4,65,50,400,692175.812,8.221,4198863.966
120,50,3,25,55,515,345185.25,8.286,1950092.22
121,70,5,50,30,530,532322.75,8.384,3451336.05
122,90,3,35,25,265,725950,6.514,3393581.8
123,100,2,65,60,380,1620999.875,5.556,5861579.419
124,70,4,30,45,250,659891.688,5.255,2217219.458
125,70,3,30,60,370,745774.312,5.314,2452471.855
126,80,2,55,30,370,619975.125,5.986,2508589.434
127,60,5,70,45,285,433614.688,5.231,1349143.207
128,90,5,60,60,345,1322919.125,8.258,8293198.262
129,90,5,35,30,480,947054.062,6.626,4500772.112
130,70,3,45,25,550,433038.438,8.525,2895949.911
131,70,2,75,35,320,453655.688,8.306,3010418.837
132,60,5,60,45,365,453729.594,9.622,3374649.732
133,90,3,60,50,380,1150707.25,8.706,7984358.741
134,70,6,60,40,390,571582.188,14.22,6881254.07
135,70,4,60,30,485,496104.281,6.644,2311009.923
136,90,6,40,35,510,953870.5,6.987,5155618.792
137,80,5,40,45,365,930475.125,6.284,4048102.623
138,50,5,75,35,340,238633.875,7.884,1342345.4
139,100,2,60,25,500,860670.062,5.172,3336912.752
140,100,3,25,60,345,1639655.25,7.23,8932060.332
141,50,5,65,25,315,209570.328,9.647,1565828.073
142,100,5,65,35,330,1064256.25,5.115,3951920.032
143,90,3,30,45,280,1097069.875,7.86,6155139.575
144,80,4,50,35,470,696489.312,5.423,2604568.497
145,80,4,35,60,425,1092134.625,7.768,5223292.93
146,90,4,60,55,500,1283677,6.019,5267139.786
147,60,3,65,35,480,343729.156,5.884,1357474.432
148,80,2,45,60,550,987224.188,9.998,7165652.386
149,70,3,25,30,495,524303.188,7.869,3063023.954
150,50,6,55,60,350,359978.094,8.6,2149806.487
151,80,5,55,50,385,991522.25,7.293,5179498.992
152,100,2,30,50,300,1500281.5,5.648,5811271.591
153,80,4,70,30,385,662426.438,5.56,2566717.367
154,80,5,45,40,370,855875.188,5.914,3488026.094
155,70,4,25,50,480,793268.25,6.586,3461747.054
156,90,4,25,55,465,1384563.25,5.943,5627129.78
157,90,6,65,55,545,1382050.875,6.568,6267323.008
158,60,4,50,60,390,543120.312,7.612,2846414.195
159,50,4,70,60,375,330617.875,8.61,2018336.417
160,80,4,30,45,350,934765.875,6.004,3839793.923
161,70,5,25,25,320,548397.812,6.764,2695238.247
162,60,4,60,35,540,368599.781,8.058,2207843.87
163,90,3,30,25,350,769128.5,4.19,2136039.511
164,100,4,40,25,280,931001.562,3.83,2381590.235
165,60,5,60,40,305,430160.25,7.725,2388407.884
166,80,2,60,55,400,986663.688,7.236,5030980.676
167,50,5,55,25,280,220174.391,6.877,1032415.93
168,50,2,75,40,300,240923.203,7.589,1297225.067
169,60,5,50,60,395,559767.688,7.362,2781053.937
170,80,4,35,25,415,652710.938,5.951,2791542.287
171,60,6,65,30,305,372993.531,6.636,1715203.634
172,70,3,65,35,345,482540.094,6.384,2239275.798
173,70,5,45,40,490,656328.562,6.965,3207115.2
174,60,4,75,30,385,343190.031,7.21,1799717.878
175,70,2,75,25,250,411947.375,5.945,1759114.185
176,50,3,60,25,310,195328.984,7.254,1014546.765
177,90,3,45,35,550,858659.375,5.281,3219659.889
178,80,5,25,45,350,1006094.438,5.631,3746271.42
179,80,3,40,25,270,594374.25,5.553,2353915.091
180,60,3,65,55,255,493978.594,7.557,2575574.05
181,60,4,60,35,440,363161.781,7.152,1869686.775
182,60,3,30,55,450,532288.938,7.4,2675044.25
183,70,5,75,50,550,718519.25,7.714,3950624.605
184,80,5,35,50,410,1032496.25,6.509,4647648.835
185,60,5,60,40,275,427354.156,7.224,2169339.546
186,70,4,55,60,360,776341,6.674,3471023.534
187,50,2,35,55,305,307071.188,7.868,1667295.697
188,60,6,70,30,530,376484.375,7.777,2123696.554
189,100,5,35,60,330,1736220.25,5.262,6123662.595
190,80,5,50,60,505,1110258.875,7.655,6067209.526
191,100,3,50,40,415,1256955.75,5.16,4526343.829
192,60,5,45,35,495,408720.062,8.652,2631924.599
193,50,2,35,45,425,274360,7.353,1376902.602
194,80,3,45,45,455,876990.625,6.924,4385629.427
195,100,4,40,45,295,1411605.625,4.752,4427200.196
196,50,5,45,60,515,365087.938,9.163,2382140.595
197,50,5,65,40,535,280651.938,8.931,1808804.771
198,70,4,60,55,275,736852.562,7.144,3657164.049
199,100,6,75,60,415,1711822.75,5.755,6730186.822
200,80,3,65,35,525,657627.375,5.553,2570988.438
201,100,2,70,60,475,1634009.25,5.998,6417239.531
202,100,2,45,55,325,1562333.75,6.304,6921286.967
203,60,4,55,30,385,355934.062,8.016,2142414.717
204,70,4,55,50,520,707647.562,8.614,4562449.617
205,100,6,55,55,510,1688768.125,6.104,7179641.571
206,50,3,50,40,260,253893.438,7.877,1433145.652
207,60,3,25,25,540,329560.562,11.545,2913720.313
208,70,5,40,45,510,699308.125,8.708,4213862.032
209,70,4,25,30,545,573825.75,10,4554463.049
210,100,4,75,55,440,1586746.125,5.476,5742319.17
211,50,6,40,25,300,241205.062,7.403,1226184.058
212,90,5,35,35,470,964859.562,5.815,4066311.557
213,90,2,55,60,360,1320003.125,6.776,6295783.017
214,80,6,55,50,420,1024790.125,7.311,5342557.684
215,80,4,35,25,290,633489,5.837,2687316.043
216,100,4,60,40,270,1263307.5,5.315,4752986.093
217,90,4,50,35,375,869190.625,5.281,3273555.804
218,60,5,75,55,475,523286.406,7.925,2889434.522
219,50,3,35,50,265,305585.719,7.952,1694705.917
220,60,6,25,50,500,633409.062,10.781,5098355.67
221,70,5,50,55,405,777190.5,9.2,4629062.837
222,70,3,30,30,260,496229.406,5.606,1927134.805
223,50,6,40,35,425,271614.656,7.337,1352643.197
224,90,5,70,30,380,850541.75,7.123,4370424.88
225,90,4,25,40,460,1107242.625,7.239,6152338.217
226,90,5,55,45,355,1109079.625,8.358,7049325.597
227,60,3,30,50,395,479134.812,11.435,4448349.622
228,90,3,65,25,270,720512.812,6.551,3580832.738
229,80,3,70,30,275,633433,5.486,2372585.701
230,60,2,55,50,480,457364.562,8.435,2768643.469
231,50,3,35,35,340,236421.594,7.518,1243630.108
232,100,4,65,60,385,1645182.625,6.138,6896881.151
233,50,4,60,55,525,312932.938,10.405,2281395.766
234,60,3,60,45,485,436380.594,6.876,1888694.316
235,100,3,55,55,255,1598202.625,5.626,6071883.829
236,90,4,35,30,460,901769.312,6.099,3852239.922
237,90,4,60,40,515,1011377.125,7.744,5507938.069
238,90,3,75,50,370,1185259.5,6.824,5817178.721
239,60,2,45,40,325,388583.812,6.038,1548350.329
240,70,6,75,35,450,527581,5.573,1973150.807
241,90,5,50,40,480,1015687.25,10.013,8243879.329
242,100,3,65,30,535,1000322.375,3.935,2522995.902
243,70,5,30,35,335,593172.812,8.929,4029659.452
244,60,4,50,30,270,345093.531,6.56,1619111.872
245,80,5,40,40,485,862611.562,5.327,2986643.928
246,100,6,45,40,540,1380260,7,7435042.58
247,60,4,60,30,315,344589.469,5.66,1274514.656
248,90,3,30,60,480,1362567.75,7.086,7028238.875
249,100,2,75,50,255,1464784,5.75,5790256.336
250,60,4,70,60,410,530798.562,7.273,2598255.206
251,100,5,25,60,275,1752700.5,7,9131453.155
252,100,5,35,45,340,1451954,5.507,5656831.256
253,60,3,45,25,460,311169.844,5.054,994689.795
254,90,3,70,60,440,1317345.5,5.88,5202606.086
255,90,5,45,50,445,1286930.25,6.345,5660951.911
256,100,4,40,35,260,1058580.625,4.455,3275966.295
257,70,3,30,35,280,503572.562,6.261,2292273.644
258,50,6,75,50,440,313633.219,7.233,1483239.204
259,60,3,30,25,545,340566.281,8.056,2000633.025
260,70,2,45,45,255,593278.875,5.079,1856721.955
261,90,5,60,35,295,864253.562,5.641,3387282.258
262,100,6,25,55,395,1716990.25,8.264,11314083.25
263,70,5,45,40,450,643500.938,6.077,2602113.672
264,50,3,60,55,300,305313.094,9.381,2119312.773
265,80,5,60,60,310,1073310.375,8.763,7067714.42
266,100,5,35,35,345,1088066.375,3.379,2273657.574
267,70,5,40,50,535,738261.25,10.645,6059945.812
268,60,6,75,55,390,522685.5,10.884,4421657.866
269,100,6,70,30,490,1062811.625,4.603,3378454.279
270,50,5,40,60,545,341094.906,11.692,2768912.622
271,50,6,30,25,445,269720.062,11.31,2402786.684
272,80,6,60,25,355,647308.688,5.521,2489613.371
273,80,4,45,40,540,833686.312,7.395,4398073.619
274,90,2,50,35,545,812355.312,4.88,2755398.53
275,60,3,70,50,435,434832,11.526,3305591.471
276,80,5,65,55,430,1021691.812,6.649,4693467.127
277,50,4,75,45,455,274760.875,9.681,2011507.026
278,60,3,75,40,290,303723.406,3.354,600992.712
279,50,5,45,60,340,355394.5,9.137,2335807.519
280,50,3,25,35,445,255455.531,6.656,1132454.525
281,100,6,50,35,295,1108956.75,4.474,3415900.895
282,80,2,35,30,405,640122.438,5.832,2682976.464
283,80,2,75,35,535,569459.5,11.467,5486920.345
284,60,4,40,35,495,389474.125,8.664,2548390.622
285,80,5,75,50,310,850214.312,13.066,7988808.828
286,60,5,55,40,255,413364.531,9.868,2998137.665
287,50,4,35,55,320,342654.531,8.175,1932497.325
288,50,6,55,30,450,248307.562,10.621,2042929.218
289,90,4,70,45,420,1066163.125,8.943,7477696.545
290,60,3,65,45,285,425908.656,8.005,2363979.708
291,50,6,35,55,335,355267.062,12.038,2696475.673
292,100,5,25,55,500,1759207.75,6.107,7650982.608
293,50,6,25,50,345,355481.844,5.475,1156820.881
294,100,4,30,45,320,1405816.25,7.246,7969420.259
295,70,5,60,55,405,759677.25,6.393,3186436.813
296,50,3,60,25,305,192718.344,7.211,976915.286
297,80,5,45,50,265,928510.75,10.34,7518889.002
298,60,3,65,40,435,363401.156,12.237,3070061.76
299,50,6,55,40,535,286496.938,11.039,2234757.525
300,80,4,70,60,460,1020028.375,10.007,7893830.86
301,90,4,30,50,270,1229984.5,4.873,3732634.827
302,80,3,60,55,410,1000898.812,7.998,5744876.942
303,70,4,50,35,440,521644.312,7.367,2882223.263
304,70,3,70,50,285,618004.125,11.397,5862285.241
305,50,2,60,40,300,240407.25,8.55,1511522.498
306,50,2,35,50,380,289793.656,7.917,1579744.004
307,100,5,30,35,525,1176999.25,5.234,4400155.454
308,80,4,75,60,310,1013393.812,9.328,7271200.909
309,100,3,75,30,505,990361.812,6.27,4828203.425
310,50,4,30,50,460,340529.281,8.538,1974465.718
311,100,5,50,45,425,1406788.5,7.338,7921572.717
312,50,4,50,50,490,304374.969,10.017,2285593.689
313,60,5,50,35,335,384593.438,6.968,1868523.425
314,100,2,65,55,260,1538737.875,6.783,7471348.367
315,80,4,65,25,420,604532,5.158,2124273.812
316,90,5,65,60,455,1333300.625,8.479,8436449.639
317,50,6,55,30,315,249378.969,9.107,1622938.802
318,50,6,50,45,305,302282.688,10.126,2347329.721
319,70,2,75,45,490,592344.062,8.935,4009787.724
320,90,4,75,50,250,1121410.25,10.471,7709290.265
321,100,3,75,55,440,1553055.125,6.845,7842790.908
322,100,4,65,35,450,991050,3.223,1948454.63
323,100,3,40,55,435,1591704.75,7.285,8666358.085
324,90,3,45,40,360,995520.75,4.337,2695801.883
325,50,6,70,50,395,317265.125,7.898,1716678.437
326,90,4,60,50,265,1218567.5,6.529,5665470.56
327,70,2,70,55,470,705062.875,7.133,3490308.265
328,60,4,55,40,410,425975.281,7.153,2109375.977
329,90,4,35,30,475,898680.062,5.672,3511938.035
330,60,2,35,60,505,509590.5,7.76,2702263.004
331,100,2,40,50,475,1487693.375,5.376,5389465.523
332,100,5,70,30,355,1037375.312,5.111,3746193.546
333,60,2,30,60,510,517821.281,9.046,3391105.391
334,50,3,40,45,495,284229.406,6.983,1306688.449
335,80,3,30,25,335,605404.625,6.389,2666433.553
336,60,3,30,40,510,426040.281,5.449,1424789.896
337,60,5,30,60,410,605710.75,8.979,3911611.921
338,80,3,65,60,400,1007487.562,6.652,4530599.198
339,80,2,75,45,420,751927.75,11.251,6854178.63
340,60,3,45,40,320,406743.5,7.053,1994216.935
341,70,3,25,30,530,524982.125,9.01,3703704.506
342,70,6,75,60,520,809284.375,9.376,5659706.161
343,100,5,65,45,330,1397645.25,6.023,6114465.444
344,60,3,70,45,550,435676.406,6.93,2042300.884
345,50,3,55,45,250,273043.281,8.303,1597372.285
346,80,2,40,35,320,626101.438,4.71,1911234.116
347,50,3,55,45,250,273043.281,8.303,1597372.285
348,80,3,25,30,330,673652.25,5.824,2797334.743
349,80,6,70,45,340,907110.438,6.991,4596922.432
350,80,4,30,35,515,753538.125,8.057,4686576.996
351,90,4,70,40,365,1011867.062,5.688,3962611.72
352,70,3,65,60,380,747041.375,8.599,4756172.67
353,90,5,35,40,530,1066662.875,12.169,9015315.819
354,100,3,45,60,320,1647012.75,5.571,6200530.01
355,100,4,30,50,295,1549038.25,5.542,5990182.28
356,70,2,65,30,415,459012.625,6.249,2071325.535
357,50,5,40,25,395,230505.219,7.335,1159678.844
358,80,5,55,35,360,704387.188,7.773,4246534.139
359,50,2,70,55,425,293690.312,9.332,2035401.983
360,50,2,65,30,465,202413.734,6.416,813559.219
361,60,4,70,50,485,477709.844,6.645,2035747.528
362,90,3,50,55,345,1285609.625,6.313,5581039.314
363,80,3,55,40,325,756449.938,8.302,4913166.14
364,50,3,50,30,525,221651.641,7.265,998360.363
365,50,6,25,45,300,368652.531,8.019,1959320.151
366,50,3,25,60,450,350549.312,7.389,1693929.016
367,70,4,40,60,280,769677.125,9.431,5500480.51
368,80,3,55,55,400,995769.875,7.663,5496494.908
369,70,5,50,45,370,670603.938,8.967,4608211.989
370,70,4,30,55,375,787549,8.621,4982587.406
371,80,2,40,40,455,773883.188,6.38,3527620.412
372,80,5,55,40,460,838987.625,5.41,2992150.956
373,100,5,30,50,350,1583569.125,6.887,8200818.321
374,70,4,25,60,435,837722,8.816,5244999.755
375,70,6,45,25,445,483492.188,14.387,5603099.346
376,70,4,40,45,465,645709.188,5.135,2032977.027
377,90,6,60,45,395,1179938,6.036,4747547.905
378,70,6,45,55,430,772860.438,13.028,6288414.324
379,60,5,70,45,515,465690.562,6.852,1974186.515
380,60,4,50,25,465,319855.656,9.332,2284566.635
381,70,4,50,55,510,734052.438,10.259,5137266.561
382,90,4,55,45,390,1136769.25,6.298,5109280.085
383,70,4,40,45,415,679570.875,6.47,2973408.294
384,60,5,70,55,405,527329.375,7.29,2572736.717
385,100,5,70,30,390,1043448.188,4.542,3229878.78
386,90,5,35,45,475,1223385.25,6.653,5792238.089
387,80,3,35,45,495,888007.375,7.02,4364088.92
388,100,6,65,35,430,1062500.625,3.521,2338517.269
389,70,2,65,25,530,411974.188,6.388,1901712.65
390,100,5,40,25,345,955007.438,3.574,2202051.136
391,80,6,30,55,485,1174069.5,9.21,8154029.441
392,70,3,45,25,355,434904.594,5.191,1494930.457
393,50,6,65,40,370,285967.938,9.124,1894150.643
394,50,2,25,55,465,315541.844,6.893,1398315.726
395,100,3,40,50,520,1483518.875,7.051,7741631.646
396,70,5,75,35,295,490630.469,9.445,3721652.548
397,90,5,60,60,285,1322414.625,7.194,6958895.135
398,50,3,40,25,525,200340.969,5.798,723451.787
399,60,4,25,40,495,483786.375,9.327,3234920.794
400,60,4,50,30,360,357940.719,6.596,1622703.356
